[
  {
    "dni": "1212A",
    "nombre": "Doctor",
    "apellidos": "House",
    "correo": "d.h@correo.es",
    "password": "wilson"
    
  },
  {
    "dni": "2323B",
    "nombre": "The Good",
    "apellidos": "Doctor",
    "correo": "tg.d@correo.es",
    "password": "theDoctor"
  },
  {
    "dni": "3434C",
    "nombre": "Bego�a",
    "apellidos": "Flores",
    "correo": "b.f@correo.es",
    "password": "tresflores"
  },
  {
    "dni": "2131M",
    "nombre": "Luis",
    "apellidos": "Ruiz",
    "correo": "luis.r@correo.es",
    "password": "eme"
  },
  {
    "dni": "5053G",
    "nombre": "Luisa",
    "apellidos": "Corro",
    "correo": "luisa.corro@correo.es",
    "password": "panalu"
  }
]