[
  {
    "dni": "5555M",
    "nombre": "Lola",
    "apellidos": "Flores",
    "correo": "lolaflores@correo.es",
    "password": "cinco",
    "edad": 43,
    "sexo": "femenino",
    "medicos": ["1234G"]
  },
  {
    "dni": "7777M",
    "nombre": "Roberto",
    "apellidos": "Flores",
    "correo": "robertoflores@correo.es",
    "password": "siete",
	"edad": 53,
    "sexo": "femenino",
    "medicos": ["5053G"]
  },
  {
    "dni": "8888E",
    "nombre": "Eva",
    "apellidos": "Rojas",
    "correo": "evidina@correo.es",
    "password": "evitadinamita",
    "edad": 19,
    "sexo": "femenino",
    "medicos": ["1234G","2345G"]
  },
  {
    "dni": "1333A",
    "nombre": "Alba",
    "apellidos": "Rodriguez",
    "correo": "babi@correo.es",
    "password": "siete",
	"edad": 17,
    "sexo": "femenino",
    "medicos": ["2131M"]
  },
  {
    "dni": "3828F",
    "nombre": "Fernando",
    "apellidos": "Santillana",
    "correo": "fer.Santillana@correo.es",
    "password": "fersan",
    "edad": 20,
    "sexo": "masculino",
    "medicos": ["1234G","2345G"]
  },
  {
    "dni": "9898S",
    "nombre": "Sofia",
    "apellidos": "Cordero",
    "correo": "aifos98@correo.es",
    "password": "corde33",
    "edad": 23,
    "sexo": "femenino",
    "medicos": ["1234G","2345G"]
  },
  {
    "dni": "0303M",
    "nombre": "Mercedes",
    "apellidos": "Cordero",
    "correo": "merchucris@correo.es",
    "password": "Mr.Monroe",
	"edad": 19,
    "sexo": "femenino",
    "medicos": ["1234G","2131M"]
  },
  {
    "dni": "1223C",
    "nombre": "Cesar",
    "apellidos": "Carrasco",
    "correo": "cesar.Carrasco@correo.es",
    "password": "cersarC2",
    "edad": 19,
    "sexo": "masculino",
    "medicos": ["1234G","5053G"]
  }
]
